{
    "LinearRegression": {
        "rmse": 4025709.8688359484,
        "mae": 3400931.419707485,
        "r2": 0.9715884516758572
    },
    "RandomForest": {
        "rmse": 5767236.079654901,
        "mae": 4627378.680005872,
        "r2": 0.9416896811535401
    }
}